"design","score","rank","average-cohession","average-coupling"
"a b c d e f g",0.020408163265306256,5,1,-0.9795918367346937
"a$d b c e f g",0,6,1,-1
"a$d b c e$f g",0.1428571428571429,4,1,-0.8571428571428571
"a$d b c e$f$g",0.1428571428571429,4,1,-0.8571428571428571
"a$d$b c e$f$g",0.4285714285714286,2,1,-0.5714285714285714
"a$d$b$c e$f$g",0.9166666666666667,1,0.9166666666666667,0
"a$d$b$c$e$f$g",0.38095238095238093,3,0.38095238095238093,0