"design","score","rank","average-cohession","average-coupling"
"a b c d e f g",0,6,1,-1
"a b c d e$f g",0.09259259259259256,3,1,-0.9074074074074074
"a$d b c e$f g",0.06666666666666676,4,1,-0.9333333333333332
"a$d b c e$f$g",0.0277777777777779,5,1,-0.9722222222222221
"a$d$b c e$f$g",0.22222222222222232,2,1,-0.7777777777777777
"a$d$b$c e$f$g",0.465277777777778,1,0.8541666666666669,-0.38888888888888884
"a$d$b$c$e$f$g",0,6,0,0