"design","score","rank","average-cohession","average-coupling"
"a b c d e f g",0,4,1,-1
"a b$c d e f g",-0.19907407407407396,5,0.7083333333333335,-0.9074074074074074
"a$d b$c e f g",-0.2833333333333331,6,0.6500000000000001,-0.9333333333333332
"a$d$b$c e f g",0.1493055555555559,3,0.9270833333333336,-0.7777777777777777
"a$d$b$c e$f g",0.38425925925925963,2,0.9027777777777781,-0.5185185185185185
"a$d$b$c e$f$g",0.465277777777778,1,0.8541666666666669,-0.38888888888888884
"a$d$b$c$e$f$g",0,4,0,0