"design","score","rank","average-cohession","average-coupling"
"a b c d e f g",0.020408163265306256,4,1,-0.9795918367346937
"a$d b c e f g",0,5,1,-1
"a$d b c e$f g",0.1428571428571429,3,1,-0.8571428571428571
"a$d b c e$f$g",0.1428571428571429,3,1,-0.8571428571428571
"a$d$b c e$f$g",0.4285714285714286,2,1,-0.5714285714285714
"a$d$b$c e$f$g",0.8653846153846155,1,0.8653846153846155,0
"a$d$b$c$e$f$g",0,5,0,0