"design","score","rank","average-cohession","average-coupling"
"a b c d e f g",0,5,1,-1
"a b$c d e f g",-0.04166666666666663,6,0.8333333333333334,-0.875
"a$d b$c e f g",-0.07499999999999996,7,0.8,-0.875
"a$d$b$c e f g",0.30208333333333337,4,0.9583333333333334,-0.65625
"a$d$b$c e$f g",0.6527777777777779,2,0.9444444444444445,-0.2916666666666667
"a$d$b$c e$f$g",0.9166666666666667,1,0.9166666666666667,0
"a$d$b$c$e$f$g",0.38095238095238093,3,0.38095238095238093,0