"design","score","rank","average-cohession","average-coupling"
"a b c d",0.25,2,1,-0.75
"a$c b d",-0.33333333333333337,3,0.6666666666666666,-1
"a$c b$d",-0.75,4,0,-0.75
"a$c$b$d",0.6666666666666666,1,0.6666666666666666,0